,created_at,content,text,topic,gamma
1,22:21.6,"Unlawful Nationwide Injunctions by Radical Left Judges could very well lead to the destruction of our Country! These people are Lunatics, who do not care, even a little bit, about the repercussions from their very dangerous and incorrect Decisions and Rulings. Lawyers endlessly search the United States for these Judges, and file lawsuits as quickly as they find them. It is then the obligation of Law abiding Agencies of Government to have these ""Orders""overturned. The danger is unparalleled! These Judges want to assume the Powers of the Presidency, without having to attain 80 Million Votes. They want all of the advantages with none of the risks. Again, a President has to be allowed to act quickly and decisively about such matters as returning murderers, drug lords, rapists, and other such type criminals back to their Homeland, or to other locations that will allow our Country to be SAFE. It is our goal to MAKE AMERICA GREAT AGAIN, and such a high aspiration can never be done if Radical and Highly Partisan Judges are allowed to stand in the way of JUSTICE. STOP NATIONWIDE INJUNCTIONS NOW, BEFORE IT IS TOO LATE. If Justice Roberts and the United States Supreme Court do not fix this toxic and unprecedented situation IMMEDIATELY, our Country is in very serious trouble!","Unlawful Nationwide Injunctions by Radical Left Judges could very well lead to the destruction of our Country! These people are Lunatics, who do not care, even a little bit, about the repercussions from their very dangerous and incorrect Decisions and Rulings. Lawyers endlessly search the United States for these Judges, and file lawsuits as quickly as they find them. It is then the obligation of Law abiding Agencies of Government to have these ""Orders""overturned. The danger is unparalleled! These Judges want to assume the Powers of the Presidency, without having to attain 80 Million Votes. They want all of the advantages with none of the risks. Again, a President has to be allowed to act quickly and decisively about such matters as returning murderers, drug lords, rapists, and other such type criminals back to their Homeland, or to other locations that will allow our Country to be SAFE. It is our goal to MAKE AMERICA GREAT AGAIN, and such a high aspiration can never be done if Radical and Highly Partisan Judges are allowed to stand in the way of JUSTICE. STOP NATIONWIDE INJUNCTIONS NOW, BEFORE IT IS TOO LATE. If Justice Roberts and the United States Supreme Court do not fix this toxic and unprecedented situation IMMEDIATELY, our Country is in very serious trouble!",1,0.997400515
2,49:56.6,‚ÄúTRUMP WAS RIGHT ABOUT EVERYTHING‚Äù,‚ÄúTRUMP WAS RIGHT ABOUT EVERYTHING‚Äù,1,0.915010252
3,02:45.6,"We must all pray for Charlie Kirk, who has been shot. A great guy from top to bottom. GOD BLESS HIM!","We must all pray for Charlie Kirk, who has been shot. A great guy from top to bottom. GOD BLESS HIM!",1,0.975111684
4,36:48.5,"Governor Gavin Newscum should immediately go to Northern California and open up the water main, and let the water flow into his dry, starving, burning State, instead of having it go out into the Pacific Ocean. It ought to be done right now, NO MORE EXCUSES FROM THIS INCOMPETENT GOVERNOR. IT‚ÄôS ALREADY FAR TOO LATE!","Governor Gavin Newscum should immediately go to Northern California and open up the water main, and let the water flow into his dry, starving, burning State, instead of having it go out into the Pacific Ocean. It ought to be done right now, NO MORE EXCUSES FROM THIS INCOMPETENT GOVERNOR. IT‚ÄôS ALREADY FAR TOO LATE!",1,0.990394736
5,10:13.9,"For anyone who is interested, I also told Governor Justin Trudeau of Canada that he largely caused the problems we have with them because of his Weak Border Policies, which allowed tremendous amounts of Fentanyl, and Illegal Aliens, to pour into the United States. These Policies are responsible for the death of many people!","For anyone who is interested, I also told Governor Justin Trudeau of Canada that he largely caused the problems we have with them because of his Weak Border Policies, which allowed tremendous amounts of Fentanyl, and Illegal Aliens, to pour into the United States. These Policies are responsible for the death of many people!",1,0.438524681
6,40:15.1,"On Monday a Press Conference will be held at the White House which will, essentially, stop violent crime in Washington, D.C. It has become one of the most dangerous cities anywhere in the World. It will soon be one of the safest!!! Thank you for your attention to this matter. President DJT","On Monday a Press Conference will be held at the White House which will, essentially, stop violent crime in Washington, D.C. It has become one of the most dangerous cities anywhere in the World. It will soon be one of the safest!!! Thank you for your attention to this matter. President DJT",1,0.823474827
7,24:24.3,"Yesterday's horrific attack in Boulder, Colorado, WILL NOT BE TOLERATED in the United States of America. He came in through Biden's ridiculous Open Border Policy, which has hurt our Country so badly. He must go out under ""TRUMP""Policy. Acts of Terrorism will be prosecuted to the fullest extent of the Law. This is yet another example of why we must keep our Borders SECURE, and deport Illegal, Anti-American Radicals from our Homeland. My heart goes out to the victims of this terrible tragedy, and the Great People of Boulder, Colorado!","Yesterday's horrific attack in Boulder, Colorado, WILL NOT BE TOLERATED in the United States of America. He came in through Biden's ridiculous Open Border Policy, which has hurt our Country so badly. He must go out under ""TRUMP""Policy. Acts of Terrorism will be prosecuted to the fullest extent of the Law. This is yet another example of why we must keep our Borders SECURE, and deport Illegal, Anti-American Radicals from our Homeland. My heart goes out to the victims of this terrible tragedy, and the Great People of Boulder, Colorado!",1,0.857465608
8,03:52.0,"The Fake News has been saying for 3 days that I suffered a ""major defeat""by allowing President Vladimir Putin of Russia to have a major Summit in the United States. Actually, he would have loved doing the meeting anywhere else but the U.S., and the Fake News knows this. It was a major point of contention! If we had the Summit elsewhere, the Democrat run and controlled media would have said what a terrible thing THAT was. These people are sick! They even want CRIME IN D.C., and other BLUE Cities throughout our Country, but don't worry, I won't let that happen. Just like our now secure Southern Border (ZERO illegals in last 3 months!), our cities will be Secure and Safe, and D.C. will lead the way!","The Fake News has been saying for 3 days that I suffered a ""major defeat""by allowing President Vladimir Putin of Russia to have a major Summit in the United States. Actually, he would have loved doing the meeting anywhere else but the U.S., and the Fake News knows this. It was a major point of contention! If we had the Summit elsewhere, the Democrat run and controlled media would have said what a terrible thing THAT was. These people are sick! They even want CRIME IN D.C., and other BLUE Cities throughout our Country, but don't worry, I won't let that happen. Just like our now secure Southern Border (ZERO illegals in last 3 months!), our cities will be Secure and Safe, and D.C. will lead the way!",1,0.607898131
9,43:59.4,"Every Legal Scholar and Pundit, including the highly respected, and sadly recently passed, David Rivkin, as well as Jonathan Turley, Elie Honig, Andy McCarthy, Alan Dershowitz, Gregg Jarrett, Elizabeth Price Foley, Katie and Andy Cherkasky, Paul Ingrassia, and many others, have unequivocally stated that the Manhattan D.A.‚Äôs Witch Hunt is a nonexistent case, which is not only barred by the Statute of Limitations but, on the merits, should never have been brought. This illegitimate political attack is nothing but a Rigged Charade. ‚ÄúActing‚Äù Justice Merchan, who is a radical partisan, just issued another order that is knowingly unlawful, goes against our Constitution and, if allowed to stand, would be the end of the Presidency as we know it. Merchan has so little respect for the Constitution that he is keeping in place an illegal gag order on me, your President and President Elect, just so I cannot expose his and his family‚Äôs disqualifying and illegal conflicts. I am the only Political Opponent in American History not allowed to defend myself - A despicable First Amendment Violation! ‚Ä¶","Every Legal Scholar and Pundit, including the highly respected, and sadly recently passed, David Rivkin, as well as Jonathan Turley, Elie Honig, Andy McCarthy, Alan Dershowitz, Gregg Jarrett, Elizabeth Price Foley, Katie and Andy Cherkasky, Paul Ingrassia, and many others, have unequivocally stated that the Manhattan D.A.‚Äôs Witch Hunt is a nonexistent case, which is not only barred by the Statute of Limitations but, on the merits, should never have been brought. This illegitimate political attack is nothing but a Rigged Charade. ‚ÄúActing‚Äù Justice Merchan, who is a radical partisan, just issued another order that is knowingly unlawful, goes against our Constitution and, if allowed to stand, would be the end of the Presidency as we know it. Merchan has so little respect for the Constitution that he is keeping in place an illegal gag order on me, your President and President Elect, just so I cannot expose his and his family‚Äôs disqualifying and illegal conflicts. I am the only Political Opponent in American History not allowed to defend myself - A despicable First Amendment Violation! ‚Ä¶",1,0.567439026
10,23:26.0,"RELEASE THE WATER, NEWSOM. WHAT IS WRONG WITH YOU? DJT","RELEASE THE WATER, NEWSOM. WHAT IS WRONG WITH YOU? DJT",1,0.947004334
11,35:15.0,"Andrew McKenna will not be invited to join the Trump Administration as Secretary of the Air Force, or anything else. That is Fake News put out by Politico!","Andrew McKenna will not be invited to join the Trump Administration as Secretary of the Air Force, or anything else. That is Fake News put out by Politico!",2,0.502270427
12,43:37.9,"The Polls from the Fake News are, like the News itself, FAKE! We are doing GREAT, better than ever before.","The Polls from the Fake News are, like the News itself, FAKE! We are doing GREAT, better than ever before.",2,0.969766738
13,32:32.8,"We don't have a Free and Fair ""Press""in this Country anymore. We have a Press that writes BAD STORIES, and CHEATS, BIG, ON POLLS. IT IS COMPROMISED AND CORRUPT. SAD!","We don't have a Free and Fair ""Press""in this Country anymore. We have a Press that writes BAD STORIES, and CHEATS, BIG, ON POLLS. IT IS COMPROMISED AND CORRUPT. SAD!",2,0.982740126
14,29:54.0,"I never falsified business records. It is a fake, made up charge by a corrupt judge who is just doing the work of the Biden/Harris Injustice Department, an attack on their political opponent, ME! He created a case where there was none. Keeps a ‚Äúgag order‚Äù on me so that I can‚Äôt talk about how crooked he is. The Fake News knows all about it, but they refuse to talk. He may be the most conflicted judge in New York State history. The accountant testified, with total corroboration, that the records were perfect &amp; totally above board. A legal expense was called, on the books, a legal expense. There was nothing else it could have been called. This was the so-called falsifying of records. I was hiding nothing, everything was out in the open for all to see. Every legal scholar of note said there IS NO CASE AGAINST ME. The judge should be disbarred! This is why people, and companies, are FLEEING New York - A corrupt court system. In another crooked New York case, another corrupt Judge (overturned 5 times on my case alone, &amp; the most overturned judge in New York!) valued Mar-a-Lago, in Palm Beach, Florida, at $18,000,000, when it is worth 50 to 100 times that amount‚Ä¶.And then we have, also in New York, the woman I never met (celebrity photo lines from 30 years ago don‚Äôt count!), who was awarded almost $100,000,000. A totally out of control, Trump hating judge, presided. The Biden/Harris DOJ was involved, directly or indirectly, in each of these cases. I won against Deranged Jack Smith!","I never falsified business records. It is a fake, made up charge by a corrupt judge who is just doing the work of the Biden/Harris Injustice Department, an attack on their political opponent, ME! He created a case where there was none. Keeps a ‚Äúgag order‚Äù on me so that I can‚Äôt talk about how crooked he is. The Fake News knows all about it, but they refuse to talk. He may be the most conflicted judge in New York State history. The accountant testified, with total corroboration, that the records were perfect &amp; totally above board. A legal expense was called, on the books, a legal expense. There was nothing else it could have been called. This was the so-called falsifying of records. I was hiding nothing, everything was out in the open for all to see. Every legal scholar of note said there IS NO CASE AGAINST ME. The judge should be disbarred! This is why people, and companies, are FLEEING New York - A corrupt court system. In another crooked New York case, another corrupt Judge (overturned 5 times on my case alone, &amp; the most overturned judge in New York!) valued Mar-a-Lago, in Palm Beach, Florida, at $18,000,000, when it is worth 50 to 100 times that amount‚Ä¶.And then we have, also in New York, the woman I never met (celebrity photo lines from 30 years ago don‚Äôt count!), who was awarded almost $100,000,000. A totally out of control, Trump hating judge, presided. The Biden/Harris DOJ was involved, directly or indirectly, in each of these cases. I won against Deranged Jack Smith!",2,0.997978955
15,24:31.5,"Great Pollster John McLaughlin, one of the most highly respected in the industry, has just stated that The Failing New York Times Poll, and the ABC/Washington Post Poll, about a person named DONALD J. TRUMP, ME, are FAKE POLLS FROM FAKE NEWS ORGANIZATIONS. The New York Times has only 37% Trump 2024 voters, and the ABC/Washington Post Poll has only 34% Trump Voters, unheard of numbers unless looking for a negative result, which they are. These people should be investigated for ELECTION FRAUD, and add in the FoxNews Pollster while you're at it. They are Negative Criminals who apologize to their subscribers and readers after I WIN ELECTIONS BIG, much bigger than their polls showed I would win, loose a lot of credibility, and then go on cheating and lying for the next cycle, only worse. They suffer from Trump Derangement Syndrome, and there is nothing that anyone, or anything, can do about it. THEY ARE SICK, almost only write negative stories about me no matter how well I am doing (99.9% at the Border, BEST NUMBER EVER!), AND ARE TRULY THE ENEMY OF THE PEOPLE! I wish them well, but will continue to fight to, MAKE AMERICA GREAT AGAIN!","Great Pollster John McLaughlin, one of the most highly respected in the industry, has just stated that The Failing New York Times Poll, and the ABC/Washington Post Poll, about a person named DONALD J. TRUMP, ME, are FAKE POLLS FROM FAKE NEWS ORGANIZATIONS. The New York Times has only 37% Trump 2024 voters, and the ABC/Washington Post Poll has only 34% Trump Voters, unheard of numbers unless looking for a negative result, which they are. These people should be investigated for ELECTION FRAUD, and add in the FoxNews Pollster while you're at it. They are Negative Criminals who apologize to their subscribers and readers after I WIN ELECTIONS BIG, much bigger than their polls showed I would win, loose a lot of credibility, and then go on cheating and lying for the next cycle, only worse. They suffer from Trump Derangement Syndrome, and there is nothing that anyone, or anything, can do about it. THEY ARE SICK, almost only write negative stories about me no matter how well I am doing (99.9% at the Border, BEST NUMBER EVER!), AND ARE TRULY THE ENEMY OF THE PEOPLE! I wish them well, but will continue to fight to, MAKE AMERICA GREAT AGAIN!",2,0.452191513
16,38:32.1,So sad how people have been tormented by this horrible group!,So sad how people have been tormented by this horrible group!,2,0.947004334
17,44:03.2,"Senator Chris Van Hollen of Maryland looked like a fool yesterday standing in El Salvador begging for attention from the Fake News Media, or anyone. GRANDSTANDER!!!","Senator Chris Van Hollen of Maryland looked like a fool yesterday standing in El Salvador begging for attention from the Fake News Media, or anyone. GRANDSTANDER!!!",2,0.640062622
18,27:44.4,WE HAVE A GREAT MILITARY...OUR COUNTRY IS BACK WE'RE REALLY BACK!,WE HAVE A GREAT MILITARY...OUR COUNTRY IS BACK WE'RE REALLY BACK!,2,0.955399233
19,44:28.2,"I am totally convinced that if Russia raised their hands and said, ""We give up, we concede, we surrender, we will GIVE Ukraine and the great United States of America, the most revered, respected, and powerful of all countries, EVER, Moscow and St. Petersburg, and everything surrounding them for a thousand miles, the Fake News Media and their Democrat Partners would say that this was a bad and humiliating day for Donald J. Trump, one of the worst days in the history of our Country.""But that's why they are the FAKE NEWS, and the badly failing Radical Left Democrats. Thank you for your attention to this matter!!!","I am totally convinced that if Russia raised their hands and said, ""We give up, we concede, we surrender, we will GIVE Ukraine and the great United States of America, the most revered, respected, and powerful of all countries, EVER, Moscow and St. Petersburg, and everything surrounding them for a thousand miles, the Fake News Media and their Democrat Partners would say that this was a bad and humiliating day for Donald J. Trump, one of the worst days in the history of our Country.""But that's why they are the FAKE NEWS, and the badly failing Radical Left Democrats. Thank you for your attention to this matter!!!",2,0.832000311
20,41:24.0,"Whatever happened to the very highly overrated David Letterman, whose ratings were never very good, either. He looks like hell, but at least he knew when to quit. LOSER!!!","Whatever happened to the very highly overrated David Letterman, whose ratings were never very good, either. He looks like hell, but at least he knew when to quit. LOSER!!!",2,0.984625129
21,25:17.7,"I am proud to announce that, after much consideration and negotiation, US Steel will REMAIN in America, and keep its Headquarters in the Great City of Pittsburgh. For many years, the name, ""United States Steel""was synonymous with Greatness, and now, it will be again. This will be a planned partnership between United States Steel and Nippon Steel, which will create at least 70,000 jobs, and add $14 Billion Dollars to the U.S. Economy. The bulk of that Investment will occur in the next 14 months. This is the largest Investment in the History of the Commonwealth of Pennsylvania. My Tariff Policies will ensure that Steel will once again be, forever, MADE IN AMERICA. From Pennsylvania to Arkansas, and from Minnesota to Indiana, AMERICAN MADE is BACK. I will see you all at US Steel, in Pittsburgh, on Friday, May 30th, for a BIG Rally. CONGRATULATIONS TO ALL!","I am proud to announce that, after much consideration and negotiation, US Steel will REMAIN in America, and keep its Headquarters in the Great City of Pittsburgh. For many years, the name, ""United States Steel""was synonymous with Greatness, and now, it will be again. This will be a planned partnership between United States Steel and Nippon Steel, which will create at least 70,000 jobs, and add $14 Billion Dollars to the U.S. Economy. The bulk of that Investment will occur in the next 14 months. This is the largest Investment in the History of the Commonwealth of Pennsylvania. My Tariff Policies will ensure that Steel will once again be, forever, MADE IN AMERICA. From Pennsylvania to Arkansas, and from Minnesota to Indiana, AMERICAN MADE is BACK. I will see you all at US Steel, in Pittsburgh, on Friday, May 30th, for a BIG Rally. CONGRATULATIONS TO ALL!",3,0.547370181
22,34:12.1,"On Trade, I have decided, for purposes of Fairness, that I will charge a RECIPROCAL Tariff meaning, whatever Countries charge the United States of America, we will charge them - No more, no less!For purposes of this United States Policy, we will consider Countries that use the VAT System, which is far more punitive than a Tariff, to be similar to that of a Tariff. Sending merchandise, product, or anything by any other name through another Country, for purposes of unfairly harming America, will not be accepted. In addition, we will make provision for subsidies provided by Countries in order to take Economic advantage of the United States. Likewise, provisions will be made for Nonmonetary Tariffs and Trade Barriers that some Countries charge in order to keep our product out of their domain or, if they do not even let U.S. businesses operate. We are able to accurately determine the cost of these Nonmonetary Trade Barriers. It is fair to all, no other Country can complain and, in some cases, if a Country feels that the United States would be getting too high a Tariff, all they have to do is reduce or terminate their Tariff against us. There are no Tariffs if you manufacture or build your product in the United States.For many years, the U.S. has been treated unfairly by other Countries, both friend and foe. This System will immediately bring Fairness and Prosperity back into the previously complex and unfair System of Trade. America has helped many Countries throughout the years, at great financial cost. It is now time that these Countries remember this, and treat us fairly ‚Äì A LEVEL PLAYING FIELD FOR AMERICAN WORKERS. I have instructed my Secretary of State, Secretary of Commerce, Secretary of the Treasury, and United States Trade Representative (USTR) to do all work necessary to deliver RECIPROCITY to our System of Trade!","On Trade, I have decided, for purposes of Fairness, that I will charge a RECIPROCAL Tariff meaning, whatever Countries charge the United States of America, we will charge them - No more, no less!For purposes of this United States Policy, we will consider Countries that use the VAT System, which is far more punitive than a Tariff, to be similar to that of a Tariff. Sending merchandise, product, or anything by any other name through another Country, for purposes of unfairly harming America, will not be accepted. In addition, we will make provision for subsidies provided by Countries in order to take Economic advantage of the United States. Likewise, provisions will be made for Nonmonetary Tariffs and Trade Barriers that some Countries charge in order to keep our product out of their domain or, if they do not even let U.S. businesses operate. We are able to accurately determine the cost of these Nonmonetary Trade Barriers. It is fair to all, no other Country can complain and, in some cases, if a Country feels that the United States would be getting too high a Tariff, all they have to do is reduce or terminate their Tariff against us. There are no Tariffs if you manufacture or build your product in the United States.For many years, the U.S. has been treated unfairly by other Countries, both friend and foe. This System will immediately bring Fairness and Prosperity back into the previously complex and unfair System of Trade. America has helped many Countries throughout the years, at great financial cost. It is now time that these Countries remember this, and treat us fairly ‚Äì A LEVEL PLAYING FIELD FOR AMERICAN WORKERS. I have instructed my Secretary of State, Secretary of Commerce, Secretary of the Treasury, and United States Trade Representative (USTR) to do all work necessary to deliver RECIPROCITY to our System of Trade!",3,0.998275962
23,26:36.6,"April 2nd, ""LIBERATION DAY IN AMERICA!""","April 2nd, ""LIBERATION DAY IN AMERICA!""",3,0.947004334
24,09:42.0,"This morning I finalized an important Deal with the Republic of Indonesia after speaking with their Highly Respected President Prabowo Subianto. This landmark Deal opens up Indonesia's ENTIRE MARKET to the United States for the first time in History. As part of the Agreement, Indonesia has committed to purchasing $15 Billion Dollars in U.S. Energy, $4.5 Billion Dollars in American Agricultural Products, and 50 Boeing Jets, many of them 777's. For the first time ever, our Ranchers, Farmers, and Fishermen will have Complete and Total Access to the Indonesian Market of over 280 million people. In addition, Indonesia will pay the United States a 19% Tariff on all Goods they export to us, while U.S. Exports to Indonesia are to be Tariff and Non Tariff Barrier FREE. If there is any Transshipment from a higher Tariff Country, then that Tariff will be added on to the Tariff that Indonesia is paying. Thank you to the People of Indonesia for your friendship and commitment to balancing our Trade Deficit. We will keep DELIVERING for the American People, and the People of Indonesia!","This morning I finalized an important Deal with the Republic of Indonesia after speaking with their Highly Respected President Prabowo Subianto. This landmark Deal opens up Indonesia's ENTIRE MARKET to the United States for the first time in History. As part of the Agreement, Indonesia has committed to purchasing $15 Billion Dollars in U.S. Energy, $4.5 Billion Dollars in American Agricultural Products, and 50 Boeing Jets, many of them 777's. For the first time ever, our Ranchers, Farmers, and Fishermen will have Complete and Total Access to the Indonesian Market of over 280 million people. In addition, Indonesia will pay the United States a 19% Tariff on all Goods they export to us, while U.S. Exports to Indonesia are to be Tariff and Non Tariff Barrier FREE. If there is any Transshipment from a higher Tariff Country, then that Tariff will be added on to the Tariff that Indonesia is paying. Thank you to the People of Indonesia for your friendship and commitment to balancing our Trade Deficit. We will keep DELIVERING for the American People, and the People of Indonesia!",3,0.937530428
25,39:43.0,"""A DAY LATE AND A DOLLAR SHORT ...""","""A DAY LATE AND A DOLLAR SHORT ...""",3,0.934716458
26,19:01.8,"The reason that The Wall Street Journal Editorial Board is always negative on ""TRUMP,""and the Hundreds of Billions of Dollars we're bringing into our Country through Tariffs, numbers that the U.S.A. has never seen before, is because they are China centric or, at a minimum, Globalists, and they would rather see China and the World, for reasons unknown, ""WIN, BABY, WIN.""If the United States were not able to charge Tariffs to other Countries, it would be Economically defenseless and, of no further force or effect. The only thing that can destroy our Country are Crooked, Radical Left Judges, of which there are many!","The reason that The Wall Street Journal Editorial Board is always negative on ""TRUMP,""and the Hundreds of Billions of Dollars we're bringing into our Country through Tariffs, numbers that the U.S.A. has never seen before, is because they are China centric or, at a minimum, Globalists, and they would rather see China and the World, for reasons unknown, ""WIN, BABY, WIN.""If the United States were not able to charge Tariffs to other Countries, it would be Economically defenseless and, of no further force or effect. The only thing that can destroy our Country are Crooked, Radical Left Judges, of which there are many!",3,0.834240058
27,53:56.6,"Big case today in the United States Supreme Court. Birthright Citizenship was not meant for people taking vacations to become permanent Citizens of the United States of America, and bringing their families with them, all the time laughing at the ""SUCKERS""that we are! The United States of America is the only Country in the World that does this, for what reason, nobody knows  But the drug cartels love it! We are, for the sake of being politically correct, a STUPID Country but, in actuality, this is the exact opposite of being politically correct, and it is yet another point that leads to the dysfunction of America. Birthright Citizenship is about the babies of slaves. As conclusive proof, the Civil War ended in 1865, the Bill went to Congress less than a year later, in 1866, and was passed shortly after that. It had nothing to do with Illegal Immigration for people wanting to SCAM our Country, from all parts of the World, which they have done for many years. It had to do with Civil War results, and the babies of slaves who our politicians felt, correctly, needed protection. Please explain this to the Supreme Court of the United States. Again, remember, the Civil War ended in 1865, and the Bill goes to Congress in 1866  We didn't have people pouring into our Country from all over South America, and the rest of the World. It wasn't even a subject. What we had were the BABIES OF SLAVES. Thank you for your attention to this matter. Good luck with this very important case. GOD BLESS THE U.S.A.!","Big case today in the United States Supreme Court. Birthright Citizenship was not meant for people taking vacations to become permanent Citizens of the United States of America, and bringing their families with them, all the time laughing at the ""SUCKERS""that we are! The United States of America is the only Country in the World that does this, for what reason, nobody knows  But the drug cartels love it! We are, for the sake of being politically correct, a STUPID Country but, in actuality, this is the exact opposite of being politically correct, and it is yet another point that leads to the dysfunction of America. Birthright Citizenship is about the babies of slaves. As conclusive proof, the Civil War ended in 1865, the Bill went to Congress less than a year later, in 1866, and was passed shortly after that. It had nothing to do with Illegal Immigration for people wanting to SCAM our Country, from all parts of the World, which they have done for many years. It had to do with Civil War results, and the babies of slaves who our politicians felt, correctly, needed protection. Please explain this to the Supreme Court of the United States. Again, remember, the Civil War ended in 1865, and the Bill goes to Congress in 1866  We didn't have people pouring into our Country from all over South America, and the rest of the World. It wasn't even a subject. What we had were the BABIES OF SLAVES. Thank you for your attention to this matter. Good luck with this very important case. GOD BLESS THE U.S.A.!",3,0.997839372
28,26:56.7,MAKE AMERICA GREAT AGAIN!,MAKE AMERICA GREAT AGAIN!,3,0.915010252
29,40:16.1,"Many people have been asking what is going on with Harvard University and their largescale improprieties that we have been addressing, looking for a solution. We have been working closely with Harvard, and it is very possible that a Deal will be announced over the next week or so. They have acted extremely appropriately during these negotiations, and appear to be committed to doing what is right. If a Settlement is made on the basis that is currently being discussed, it will be ""mindbogglingly""HISTORIC, and very good for our Country. Thank you for your attention to this matter!","Many people have been asking what is going on with Harvard University and their largescale improprieties that we have been addressing, looking for a solution. We have been working closely with Harvard, and it is very possible that a Deal will be announced over the next week or so. They have acted extremely appropriately during these negotiations, and appear to be committed to doing what is right. If a Settlement is made on the basis that is currently being discussed, it will be ""mindbogglingly""HISTORIC, and very good for our Country. Thank you for your attention to this matter!",3,0.521867345
30,21:38.4,TARIFFS!,TARIFFS!,3,0.785535779
31,28:00.3,"I am pleased to report that I have raised, since the Great Presidential Election of 2024, in various forms and political entities, in excess of 1.5 Billion Dollars. MAKE AMERICA GREAT AGAIN!!! President DJT","I am pleased to report that I have raised, since the Great Presidential Election of 2024, in various forms and political entities, in excess of 1.5 Billion Dollars. MAKE AMERICA GREAT AGAIN!!! President DJT",4,0.63237783
32,28:52.1,"Another very big and successful week of WINS for Republicans in Florida, a State that I love, and WON BIG, in 2016, 2020, and 2024. The Republican Party of Florida's Voter Registration lead over Democrats is now over 1.25 Million √¢¬Ä¬ì a New and Record Level of SUCCESS! Florida's largest County, Miami-Dade, has FLIPPED RED to a Republican Majority in Voter Registration, and Republicans lead in a total of 59 out of 67 Counties across the State. ""TRUMP""was the first Republican Presidential Candidate to win Miami-Dade since 1988. THANK YOU FLORIDA  MAKE AMERICA GREAT AGAIN!","Another very big and successful week of WINS for Republicans in Florida, a State that I love, and WON BIG, in 2016, 2020, and 2024. The Republican Party of Florida's Voter Registration lead over Democrats is now over 1.25 Million √¢¬Ä¬ì a New and Record Level of SUCCESS! Florida's largest County, Miami-Dade, has FLIPPED RED to a Republican Majority in Voter Registration, and Republicans lead in a total of 59 out of 67 Counties across the State. ""TRUMP""was the first Republican Presidential Candidate to win Miami-Dade since 1988. THANK YOU FLORIDA  MAKE AMERICA GREAT AGAIN!",4,0.842695444
33,08:02.5,From Elon‚Ä¶,From Elon‚Ä¶,4,0.785535779
34,57:06.8,"We are, together, going to make America bigger, better, stronger, wealthier, healthier, and more religious, than it has ever been before!!! DONALD J. TRUMP, PRESIDENT OF THE UNITED STATES OF AMERICA!!!","We are, together, going to make America bigger, better, stronger, wealthier, healthier, and more religious, than it has ever been before!!! DONALD J. TRUMP, PRESIDENT OF THE UNITED STATES OF AMERICA!!!",4,0.983737067
35,43:30.4,"Secretary of Defense, Pete Hegseth: ‚ÄúWe're doing a complete review of every single aspect of what happened with the botched withdrawal of Afghanistan and plan to have full accountability.""","Secretary of Defense, Pete Hegseth: ‚ÄúWe're doing a complete review of every single aspect of what happened with the botched withdrawal of Afghanistan and plan to have full accountability.""",4,0.414555077
36,07:07.0,"""BLOCKBUSTER SCANDAL""","""BLOCKBUSTER SCANDAL""",4,0.87826336
37,39:04.9,We have fulfilled so many of our promises... One Big Beautiful Bill Laken Riley Act TAKE IT DOWN Act Rescissions Act of 2025 HALT Fentanyl Act GENIUS Act,We have fulfilled so many of our promises... One Big Beautiful Bill Laken Riley Act TAKE IT DOWN Act Rescissions Act of 2025 HALT Fentanyl Act GENIUS Act,4,0.559151994
38,39:05.6,"Secretary of Energy, Chris Wright: ""President Trump has TRANSFORMED the American energy landscape. You're going to see a lot more of big, beautiful, clean coal!""","Secretary of Energy, Chris Wright: ""President Trump has TRANSFORMED the American energy landscape. You're going to see a lot more of big, beautiful, clean coal!""",4,0.463458004
39,58:13.4,"After many years Australia has agreed to accept American Beef! For a long time, and even though we are great friends, they actually banned our Beef. Now, we are going to sell so much to Australia because this is undeniable and irrefutable Proof that U.S. Beef is the Safest and Best in the entire World. The other Countries that refuse our magnificent Beef are ON NOTICE. All of our Nation's Ranchers, who are some of the hardest working and most wonderful people, are smiling today, which means I am smiling too. Let's keep the Hot Streak going. IT'S THE GOLDEN AGE OF AMERICA!","After many years Australia has agreed to accept American Beef! For a long time, and even though we are great friends, they actually banned our Beef. Now, we are going to sell so much to Australia because this is undeniable and irrefutable Proof that U.S. Beef is the Safest and Best in the entire World. The other Countries that refuse our magnificent Beef are ON NOTICE. All of our Nation's Ranchers, who are some of the hardest working and most wonderful people, are smiling today, which means I am smiling too. Let's keep the Hot Streak going. IT'S THE GOLDEN AGE OF AMERICA!",4,0.635617863
40,08:29.0,√∞¬ü¬á¬¶√∞¬ü¬á¬™√∞¬ü¬á¬∫√∞¬ü¬á¬∏,√∞¬ü¬á¬¶√∞¬ü¬á¬™√∞¬ü¬á¬∫√∞¬ü¬á¬∏,4,0.785535779
41,10:15.4,"Today, President Donald J. Trump agreed to withdraw his March 14, 2025 Executive Order regarding the Paul, Weiss, Rifkind, Wharton &amp; Garrison LLP law firm (""Paul, Weiss""), which has entered into the following agreement with the President: 1. Paul, Weiss agrees that the bedrock principle of American Justice is that it must be fair and nonpartisan for all. Our Justice System is betrayed when it is misused to achieve political ends.Lawyers and law firms play a vital role in ensuring that we live up to that standard as a Nation. Law firms should not favor any political party when it comes to choosing their clients. Firms also should not make decisions on whom to hire based on a person's political affiliation. To do otherwise is to deny some Americans an equal opportunity for our services while favoring others.  Lawyers abandon the profession's highest ideals when they engage in partisan decision-making, and betray the ethical obligation to represent those who are unpopular or disfavored in a particular environment.  2. Paul, Weiss affirms its unwavering commitment to these core ideals and principles, and will not deny representation to clients, including in pro bono matters and in support of non-profits, because of the personal political views of individual lawyers.  3. Paul, Weiss will take on a wide range of pro bono matters that represent the full spectrum of political viewpoints of our society, whether ""conservative""or ""liberal.""4. Paul, Weiss affirms its commitment to merit-based hiring, promotion, and retention, and will not adopt, use, or pursue any DEI policies. As part of its commitment, it will engage experts, to be mutually agreed upon within 14 days, to conduct a comprehensive audit of all of its employment practices.5. Paul, Weiss will dedicate the equivalent of $40 million in pro bono legal services over the course of President Trump's term to support the Administration's initiatives, including: assisting our Nation's veterans, fairness in the Justice System, the President's Task Force to Combat Antisemitism, and other mutually agreed projects.Statement from the White House: ""The President is agreeing to this action in light of a meeting with Paul, Weiss Chairman, Brad Karp, during which Mr. Karp acknowledged the wrongdoing of former Paul, Weiss partner, Mark Pomerantz, the grave dangers of Weaponization, and the vital need to restore our System of Justice.""In response to the President's announcement, Paul, Weiss's Chairman Brad Karp said: ""We are gratified that the President has agreed to withdraw the Executive Order concerning Paul, Weiss. We look forward to an engaged and constructive relationship with the President and his Administration.""","Today, President Donald J. Trump agreed to withdraw his March 14, 2025 Executive Order regarding the Paul, Weiss, Rifkind, Wharton &amp; Garrison LLP law firm (""Paul, Weiss""), which has entered into the following agreement with the President: 1. Paul, Weiss agrees that the bedrock principle of American Justice is that it must be fair and nonpartisan for all. Our Justice System is betrayed when it is misused to achieve political ends.Lawyers and law firms play a vital role in ensuring that we live up to that standard as a Nation. Law firms should not favor any political party when it comes to choosing their clients. Firms also should not make decisions on whom to hire based on a person's political affiliation. To do otherwise is to deny some Americans an equal opportunity for our services while favoring others.  Lawyers abandon the profession's highest ideals when they engage in partisan decision-making, and betray the ethical obligation to represent those who are unpopular or disfavored in a particular environment.  2. Paul, Weiss affirms its unwavering commitment to these core ideals and principles, and will not deny representation to clients, including in pro bono matters and in support of non-profits, because of the personal political views of individual lawyers.  3. Paul, Weiss will take on a wide range of pro bono matters that represent the full spectrum of political viewpoints of our society, whether ""conservative""or ""liberal.""4. Paul, Weiss affirms its commitment to merit-based hiring, promotion, and retention, and will not adopt, use, or pursue any DEI policies. As part of its commitment, it will engage experts, to be mutually agreed upon within 14 days, to conduct a comprehensive audit of all of its employment practices.5. Paul, Weiss will dedicate the equivalent of $40 million in pro bono legal services over the course of President Trump's term to support the Administration's initiatives, including: assisting our Nation's veterans, fairness in the Justice System, the President's Task Force to Combat Antisemitism, and other mutually agreed projects.Statement from the White House: ""The President is agreeing to this action in light of a meeting with Paul, Weiss Chairman, Brad Karp, during which Mr. Karp acknowledged the wrongdoing of former Paul, Weiss partner, Mark Pomerantz, the grave dangers of Weaponization, and the vital need to restore our System of Justice.""In response to the President's announcement, Paul, Weiss's Chairman Brad Karp said: ""We are gratified that the President has agreed to withdraw the Executive Order concerning Paul, Weiss. We look forward to an engaged and constructive relationship with the President and his Administration.""",5,0.998870666
42,05:21.8,"Following my previously signed Executive Orders, ICE proudly apprehended and detained Mahmoud Khalil, a Radical Foreign Pro-Hamas Student on the campus of Columbia University. This is the first arrest of many to come. We know there are more students at Columbia and other Universities across the Country who have engaged in pro-terrorist, anti-Semitic, anti-American activity, and the Trump Administration will not tolerate it. Many are not students, they are paid agitators. We will find, apprehend, and deport these terrorist sympathizers from our country ‚Äî never to return again. If you support terrorism, including the slaughtering of innocent men, women, and children, your presence is contrary to our national and foreign policy interests, and you are not welcome here. We expect every one of America‚Äôs Colleges and Universities to comply. Thank you!","Following my previously signed Executive Orders, ICE proudly apprehended and detained Mahmoud Khalil, a Radical Foreign Pro-Hamas Student on the campus of Columbia University. This is the first arrest of many to come. We know there are more students at Columbia and other Universities across the Country who have engaged in pro-terrorist, anti-Semitic, anti-American activity, and the Trump Administration will not tolerate it. Many are not students, they are paid agitators. We will find, apprehend, and deport these terrorist sympathizers from our country ‚Äî never to return again. If you support terrorism, including the slaughtering of innocent men, women, and children, your presence is contrary to our national and foreign policy interests, and you are not welcome here. We expect every one of America‚Äôs Colleges and Universities to comply. Thank you!",5,0.692348046
43,41:33.9,Our predecessors turned the Department of Justice into the Department of INJUSTICE But I stand before you today to declare that those days are over!,Our predecessors turned the Department of Justice into the Department of INJUSTICE But I stand before you today to declare that those days are over!,5,0.972698351
44,33:28.7,"The Wall Street Journal, and Rupert Murdoch, personally, were warned directly by President Donald J. Trump that the supposed letter they printed by President Trump to Epstein was a FAKE and, if they print it, they will be sued. Mr. Murdoch stated that he would take care of it but, obviously, did not have the power to do so. The Editor of The Wall Street Journal, Emma Tucker, was told directly by Karoline Leavitt, and by President Trump, that the letter was a FAKE, but Emma Tucker didn't want to hear that. Instead, they are going with a false, malicious, and defamatory story anyway. President Trump will be suing The Wall Street Journal, NewsCorp, and Mr. Murdoch, shortly. The Press has to learn to be truthful, and not rely on sources that probably don't even exist. President Trump has already beaten George Stephanopoulos/ABC, 60 Minutes/CBS, and others, and looks forward to suing and holding accountable the once great Wall Street Journal. It has truly turned out to be a ""Disgusting and Filthy Rag""and, writing defamatory lies like this, shows their desperation to remain relevant. If there were any truth at all on the Epstein Hoax, as it pertains to President Trump, this information would have been revealed by Comey, Brennan, Crooked Hillary, and other Radical Left Lunatics years ago. It certainly would not have sat in a file waiting for ""TRUMP""to have won three Elections. This is yet another example of FAKE NEWS!","The Wall Street Journal, and Rupert Murdoch, personally, were warned directly by President Donald J. Trump that the supposed letter they printed by President Trump to Epstein was a FAKE and, if they print it, they will be sued. Mr. Murdoch stated that he would take care of it but, obviously, did not have the power to do so. The Editor of The Wall Street Journal, Emma Tucker, was told directly by Karoline Leavitt, and by President Trump, that the letter was a FAKE, but Emma Tucker didn't want to hear that. Instead, they are going with a false, malicious, and defamatory story anyway. President Trump will be suing The Wall Street Journal, NewsCorp, and Mr. Murdoch, shortly. The Press has to learn to be truthful, and not rely on sources that probably don't even exist. President Trump has already beaten George Stephanopoulos/ABC, 60 Minutes/CBS, and others, and looks forward to suing and holding accountable the once great Wall Street Journal. It has truly turned out to be a ""Disgusting and Filthy Rag""and, writing defamatory lies like this, shows their desperation to remain relevant. If there were any truth at all on the Epstein Hoax, as it pertains to President Trump, this information would have been revealed by Comey, Brennan, Crooked Hillary, and other Radical Left Lunatics years ago. It certainly would not have sat in a file waiting for ""TRUMP""to have won three Elections. This is yet another example of FAKE NEWS!",5,0.668952908
45,30:03.9,"Upon the request and recommendation of many people, I am herby terminating the employment of Kim Sajet as Director of the National Portrait Gallery. She is a highly partisan person, and a strong supporter of DEI, which is totally inappropriate for her position. Her replacement will be named shortly. Thank you for your attention to this matter!","Upon the request and recommendation of many people, I am herby terminating the employment of Kim Sajet as Director of the National Portrait Gallery. She is a highly partisan person, and a strong supporter of DEI, which is totally inappropriate for her position. Her replacement will be named shortly. Thank you for your attention to this matter!",5,0.990711607
46,51:54.0,"""It's worse than even politicization of intelligence; it was manufactured intelligence that sought to achieve President Obama's and his team's objective, which was undermining President Trump.""","""It's worse than even politicization of intelligence; it was manufactured intelligence that sought to achieve President Obama's and his team's objective, which was undermining President Trump.""",5,0.981612976
47,56:06.5,We believe that this Executive Order is the farthest-reaching executive action taken in the history of the republic to Secure our Elections...,We believe that this Executive Order is the farthest-reaching executive action taken in the history of the republic to Secure our Elections...,5,0.853176409
48,53:05.8,"I am proud to nominate Edward Aloysius O'Connell to serve as Associate Judge on the Superior Court of the District of Columbia. Eddie will help fix Violent Crime in the City by restoring the RULE OF LAW to Washington, D.C. Eddie served for nearly two decades as a Tough on Crime Prosecutor for the Office of the United States Attorney for the District of Columbia, where he prosecuted many Horrific Crimes, including Homicides, Domestic Violence, Organized Crime, Narcotics Offenses, and more. D.C. could, and should, be a wonderful place, if political hacks would stop making such terrible decisions. I know Eddie will help make everyone much safer. Congratulations Eddie!","I am proud to nominate Edward Aloysius O'Connell to serve as Associate Judge on the Superior Court of the District of Columbia. Eddie will help fix Violent Crime in the City by restoring the RULE OF LAW to Washington, D.C. Eddie served for nearly two decades as a Tough on Crime Prosecutor for the Office of the United States Attorney for the District of Columbia, where he prosecuted many Horrific Crimes, including Homicides, Domestic Violence, Organized Crime, Narcotics Offenses, and more. D.C. could, and should, be a wonderful place, if political hacks would stop making such terrible decisions. I know Eddie will help make everyone much safer. Congratulations Eddie!",5,0.36944069
49,06:01.1,"VA Secretary Doug Collins: ""The first 100 days of the second Trump Administration have been full of great news for America's Veterans. Under POTUS' leadership, we are putting Veterans first!""","VA Secretary Doug Collins: ""The first 100 days of the second Trump Administration have been full of great news for America's Veterans. Under POTUS' leadership, we are putting Veterans first!""",5,0.985421224
50,46:49.0,"In everything we do, we're restoring law, restoring order and restoring public safety in America...and we're bringing honor and integrity and accountability back to the highest levels of the FBI, DOJ, and throughout our government...","In everything we do, we're restoring law, restoring order and restoring public safety in America...and we're bringing honor and integrity and accountability back to the highest levels of the FBI, DOJ, and throughout our government...",5,0.736660069
51,04:09.2,"ELON IS DOING A GREAT JOB, BUT I WOULD LIKE TO SEE HIM GET MORE AGGRESSIVE. REMEMBER, WE HAVE A COUNTRY TO SAVE, BUT ULTIMATELY, TO MAKE GREATER THAN EVER BEFORE. MAGA!","ELON IS DOING A GREAT JOB, BUT I WOULD LIKE TO SEE HIM GET MORE AGGRESSIVE. REMEMBER, WE HAVE A COUNTRY TO SAVE, BUT ULTIMATELY, TO MAKE GREATER THAN EVER BEFORE. MAGA!",6,0.981612976
52,54:12.8,"Miranda Devine and Katie Pavlich were terrific on FoxNews yesterday. Smart, exciting, and really know their ""stuff.""Two great professionals. Thank you!!! President DJT","Miranda Devine and Katie Pavlich were terrific on FoxNews yesterday. Smart, exciting, and really know their ""stuff.""Two great professionals. Thank you!!! President DJT",6,0.983737067
53,02:55.1,"The Crooked FoxNews Polls got the Election WRONG, I won by much more than they said I would, and have been biased against me for years. They are always wrong and negative. It's why MAGA HATES FoxNews, even though their anchors are GREAT. This has gone on for years, but they never change the incompetent polling company that does their work. Now a new FoxNews poll comes out this morning giving me a little more than 50% at the Border, and yet the Border is miraculously perfect, NOBODY WAS ABLE TO COME IN LAST MONTH. 60,000 people came in with Sleepy Joe in the same month last year. I hate FAKE pollsters, one of the Worst, but Fox will never change their discredited pollster!","The Crooked FoxNews Polls got the Election WRONG, I won by much more than they said I would, and have been biased against me for years. They are always wrong and negative. It's why MAGA HATES FoxNews, even though their anchors are GREAT. This has gone on for years, but they never change the incompetent polling company that does their work. Now a new FoxNews poll comes out this morning giving me a little more than 50% at the Border, and yet the Border is miraculously perfect, NOBODY WAS ABLE TO COME IN LAST MONTH. 60,000 people came in with Sleepy Joe in the same month last year. I hate FAKE pollsters, one of the Worst, but Fox will never change their discredited pollster!",6,0.400423038
54,01:27.2,"Republicans, the One Big Beautiful Bill, perhaps the greatest and most important of its kind in history, gives the largest Tax Cuts and Border Security ever, Jobs by the Millions, Military/Vets increases, and so much more. The failure to pass means a whopping 68% Tax increase, the largest in history!!!","Republicans, the One Big Beautiful Bill, perhaps the greatest and most important of its kind in history, gives the largest Tax Cuts and Border Security ever, Jobs by the Millions, Military/Vets increases, and so much more. The failure to pass means a whopping 68% Tax increase, the largest in history!!!",6,0.906967196
55,47:30.5,No place like the White House!,No place like the White House!,6,0.934716458
56,54:59.3,"Pam was a career prosecutor for nearly 20 years and was one of the toughest, smartest, best, and most successful Attorney Generals in the history of Florida‚Äîand I think she's going to end up going down as one of the most successful Attorney Generals this Country has ever had.","Pam was a career prosecutor for nearly 20 years and was one of the toughest, smartest, best, and most successful Attorney Generals in the history of Florida‚Äîand I think she's going to end up going down as one of the most successful Attorney Generals this Country has ever had.",6,0.586964911
57,53:09.7,It was my Great Honor to welcome Taoiseach Miche√°l Martin to the White House todayüá∫üá∏üáÆüá™,It was my Great Honor to welcome Taoiseach Miche√°l Martin to the White House todayüá∫üá∏üáÆüá™,6,0.969766738
58,36:03.2,"""This is good news; much better than expected.""""In our survey, economists were looking for [the unemployment rate] to climb up to 4.3  It comes in at 4.1.""""Jobless claims  Much lower than expected.""","""This is good news; much better than expected.""""In our survey, economists were looking for [the unemployment rate] to climb up to 4.3  It comes in at 4.1.""""Jobless claims  Much lower than expected.""",6,0.983737067
59,01:56.9,"Thank you, and congratulations, to the International Longshoremen's Association!","Thank you, and congratulations, to the International Longshoremen's Association!",6,0.553696468
60,43:17.3,"I look forward to hosting the President of Azerbaijan, Ilham Aliyev, and the Prime Minister of Armenia, Nikol Pashinyan, at the White House tomorrow for a Historic Peace Summit. These two Nations have been at War for many years, resulting in the deaths of thousands of people. Many Leaders have tried to end the War, with no success, until now, thanks to ""TRUMP.""My Administration has been engaged with both sides for quite some time. Tomorrow, President Aliyev AND Prime Minister Pashinyan will join me at the White House for an official Peace Signing Ceremony. The United States will also sign Bilateral Agreements with both Countries to pursue Economic opportunities together, so we can fully unlock the potential of the South Caucasus Region. I am very proud of these courageous Leaders for doing the right thing for the Great People of Armenia and Azerbaijan. It will be a Historic Day for Armenia, Azerbaijan, the United States, and, THE WORLD. See you then! DJT","I look forward to hosting the President of Azerbaijan, Ilham Aliyev, and the Prime Minister of Armenia, Nikol Pashinyan, at the White House tomorrow for a Historic Peace Summit. These two Nations have been at War for many years, resulting in the deaths of thousands of people. Many Leaders have tried to end the War, with no success, until now, thanks to ""TRUMP.""My Administration has been engaged with both sides for quite some time. Tomorrow, President Aliyev AND Prime Minister Pashinyan will join me at the White House for an official Peace Signing Ceremony. The United States will also sign Bilateral Agreements with both Countries to pursue Economic opportunities together, so we can fully unlock the potential of the South Caucasus Region. I am very proud of these courageous Leaders for doing the right thing for the Great People of Armenia and Azerbaijan. It will be a Historic Day for Armenia, Azerbaijan, the United States, and, THE WORLD. See you then! DJT",6,0.545778229
61,08:16.5,"I am pleased to announce that Steven Gill Bradbury will be the next United States Deputy Secretary of Transportation.¬†For the entirety of my First Term, Steven served as the General Counsel of the Department of Transportation, where he helped rebuild our crumbling Infrastructure, and cut regulations that were killing jobs and our incredible Small Businesses. He previously clerked for U.S. Supreme Court Justice Clarence Thomas.¬†Steven will work with our fantastic Secretary of Transportation Nominee, Sean Duffy, to MAKE AMERICA GREAT AGAIN.¬†Congratulations Steven!","I am pleased to announce that Steven Gill Bradbury will be the next United States Deputy Secretary of Transportation.¬†For the entirety of my First Term, Steven served as the General Counsel of the Department of Transportation, where he helped rebuild our crumbling Infrastructure, and cut regulations that were killing jobs and our incredible Small Businesses. He previously clerked for U.S. Supreme Court Justice Clarence Thomas.¬†Steven will work with our fantastic Secretary of Transportation Nominee, Sean Duffy, to MAKE AMERICA GREAT AGAIN.¬†Congratulations Steven!",7,0.934178545
62,12:32.7,"It is my honor to nominate Judge Jason Reding Qui√±ones as the next United States Attorney for the Southern District of Florida.A former Federal prosecutor and Justice Department National Security Official, Judge Reding Qui√±ones currently serves as a highly respected State Trial Judge in Miami, and a Lieutenant Colonel in the Air Force Reserve.As the next U.S. Attorney for the Southern District of Florida, Judge Reding Qui√±ones will restore Law and Order, prosecute violent crimes and, MAKE AMERICA SAFE AGAIN.Congratulations Jason!","It is my honor to nominate Judge Jason Reding Qui√±ones as the next United States Attorney for the Southern District of Florida.A former Federal prosecutor and Justice Department National Security Official, Judge Reding Qui√±ones currently serves as a highly respected State Trial Judge in Miami, and a Lieutenant Colonel in the Air Force Reserve.As the next U.S. Attorney for the Southern District of Florida, Judge Reding Qui√±ones will restore Law and Order, prosecute violent crimes and, MAKE AMERICA SAFE AGAIN.Congratulations Jason!",7,0.995087356
63,54:44.6,"I am pleased to announce the nomination of Kyle Dudek to serve as Judge on the United States District Court for the Middle District of Florida. Kyle earned his J.D., Magna Cum Laude, from the Antonin Scalia School of Law at George Mason University, and devoutly served as a Law Clerk for many esteemed Judges. Kyle will uphold the Rule of Law in the Great State of Florida, where men do not play in Women's Sports, Illegals Criminals are found and deported, and Tough on Crime Policies are championed. Thank you Kyle!","I am pleased to announce the nomination of Kyle Dudek to serve as Judge on the United States District Court for the Middle District of Florida. Kyle earned his J.D., Magna Cum Laude, from the Antonin Scalia School of Law at George Mason University, and devoutly served as a Law Clerk for many esteemed Judges. Kyle will uphold the Rule of Law in the Great State of Florida, where men do not play in Women's Sports, Illegals Criminals are found and deported, and Tough on Crime Policies are championed. Thank you Kyle!",7,0.861035695
64,37:32.3,"To The Department of Energy: DRILL, BABY, DRILL!!!  And I mean NOW!!!","To The Department of Energy: DRILL, BABY, DRILL!!!  And I mean NOW!!!",7,0.685625937
65,44:20.9,TO MY GREAT FELLOW AMERICANS...,TO MY GREAT FELLOW AMERICANS...,7,0.915010252
66,39:08.2,"I am pleased to announce that I am promoting Sergio Gor to be our next United States Ambassador to the Republic of India, and Special Envoy for South and Central Asian Affairs. As Director of Presidential Personnel, Sergio and his team have hired nearly 4,000 America First Patriots across every Department of our Federal Government in RECORD time  Our Departments and Agencies are over 95% filled! Sergio will remain in his current role at the White House until his confirmation. Sergio is a great friend, who has been at my side for many years. He worked on my Historic Presidential Campaigns, published my Best Selling Books, and ran one of the biggest Super PACs, which supported our Movement. Sergio's role as Director of Presidential Personnel has been essential to delivering on the unprecedented Mandate that we received from the American People. For the most populous Region in the World, it is important that I have someone I can fully trust to deliver on my Agenda and help us, MAKE AMERICA GREAT AGAIN. Sergio will make an incredible Ambassador. Congratulations Sergio!","I am pleased to announce that I am promoting Sergio Gor to be our next United States Ambassador to the Republic of India, and Special Envoy for South and Central Asian Affairs. As Director of Presidential Personnel, Sergio and his team have hired nearly 4,000 America First Patriots across every Department of our Federal Government in RECORD time  Our Departments and Agencies are over 95% filled! Sergio will remain in his current role at the White House until his confirmation. Sergio is a great friend, who has been at my side for many years. He worked on my Historic Presidential Campaigns, published my Best Selling Books, and ran one of the biggest Super PACs, which supported our Movement. Sergio's role as Director of Presidential Personnel has been essential to delivering on the unprecedented Mandate that we received from the American People. For the most populous Region in the World, it is important that I have someone I can fully trust to deliver on my Agenda and help us, MAKE AMERICA GREAT AGAIN. Sergio will make an incredible Ambassador. Congratulations Sergio!",7,0.871855553
67,20:42.4,I am pleased to announce the 2027 NFL Draft will take place here in the Nation's Capital on the National Mall...,I am pleased to announce the 2027 NFL Draft will take place here in the Nation's Capital on the National Mall...,7,0.739400581
68,48:13.7,"I am pleased to announce that Gadyaces ‚ÄúGady‚Äù Serralta will serve as the next Director of the United States Marshals Service.Gady is a lifelong public servant, with 34 years of Law Enforcement experience. I nominated him in my First Term to serve as the U.S. Marshal for the Southern District of Florida, and he has done an incredible job for the past six years. He was previously a Major in the Miami-Dade Police Department, and the Police Chief for Palmetto Bay, Florida.Gady will work with our GREAT Attorney General Pam Bondi to make sure that we restore Law and Order, and Make America Safe Again.Congratulations Gady!","I am pleased to announce that Gadyaces ‚ÄúGady‚Äù Serralta will serve as the next Director of the United States Marshals Service.Gady is a lifelong public servant, with 34 years of Law Enforcement experience. I nominated him in my First Term to serve as the U.S. Marshal for the Southern District of Florida, and he has done an incredible job for the past six years. He was previously a Major in the Miami-Dade Police Department, and the Police Chief for Palmetto Bay, Florida.Gady will work with our GREAT Attorney General Pam Bondi to make sure that we restore Law and Order, and Make America Safe Again.Congratulations Gady!",7,0.995407853
69,17:35.8,"Pete Hegseth will make a GREAT Secretary of Defense. He has my Complete and Total support. Good luck today, Pete!","Pete Hegseth will make a GREAT Secretary of Defense. He has my Complete and Total support. Good luck today, Pete!",7,0.513906589
70,50:53.2,"I am pleased to announce that our United States Ambassador to Turkey, Tom Barrack, will be serving as our Envoy to Syria. Tom understands there is great potential in working with Syria to stop Radicalism, improve Relations, and secure Peace in the Middle East. Together, we will Make America, and the World, SAFE AGAIN!","I am pleased to announce that our United States Ambassador to Turkey, Tom Barrack, will be serving as our Envoy to Syria. Tom understands there is great potential in working with Syria to stop Radicalism, improve Relations, and secure Peace in the Middle East. Together, we will Make America, and the World, SAFE AGAIN!",7,0.800672497
71,46:54.3,"THE RUSSIA HOAX  ""SHOCKING DETAILS!""","THE RUSSIA HOAX  ""SHOCKING DETAILS!""",8,0.642133106
72,19:18.6,"Great News! ""Senator""Thom Tillis will not be seeking reelection.","Great News! ""Senator""Thom Tillis will not be seeking reelection.",8,0.755355853
73,51:38.8,"""√∞¬ù¬ê¬è√∞¬ù¬ê¬ë√∞¬ù¬ê¬Ñ√∞¬ù¬ê¬í√∞¬ù¬ê¬à√∞¬ù¬ê¬É√∞¬ù¬ê¬Ñ√∞¬ù¬ê¬ç√∞¬ù¬ê¬ì √∞¬ù¬ê¬ì√∞¬ù¬ê¬ë√∞¬ù¬ê¬î√∞¬ù¬ê¬å√∞¬ù¬ê¬è √∞¬ù¬ê¬ñ√∞¬ù¬ê¬Ä√∞¬ù¬ê¬ç√∞¬ù¬ê¬ì√∞¬ù¬ê¬í √∞¬ù¬ê¬ì√∞¬ù¬ê¬é √∞¬ù¬ê¬ë√∞¬ù¬ê¬Ñ√∞¬ù¬ê¬é√∞¬ù¬ê¬è√∞¬ù¬ê¬Ñ√∞¬ù¬ê¬ç √∞¬ù¬ê¬Ä√∞¬ù¬ê¬ã√∞¬ù¬ê¬Ç√∞¬ù¬ê¬Ä√∞¬ù¬ê¬ì√∞¬ù¬ê¬ë√∞¬ù¬ê¬Ä√∞¬ù¬ê¬ô""Stephen Miller: ""There are people in this country, as President Trump has said, who will do nothing with their lives but rape, maim, and murder. They cannot be rehabilitated...We need a place in this country where we can send people to visually demonstrate their total separation from society ...""","""√∞¬ù¬ê¬è√∞¬ù¬ê¬ë√∞¬ù¬ê¬Ñ√∞¬ù¬ê¬í√∞¬ù¬ê¬à√∞¬ù¬ê¬É√∞¬ù¬ê¬Ñ√∞¬ù¬ê¬ç√∞¬ù¬ê¬ì √∞¬ù¬ê¬ì√∞¬ù¬ê¬ë√∞¬ù¬ê¬î√∞¬ù¬ê¬å√∞¬ù¬ê¬è √∞¬ù¬ê¬ñ√∞¬ù¬ê¬Ä√∞¬ù¬ê¬ç√∞¬ù¬ê¬ì√∞¬ù¬ê¬í √∞¬ù¬ê¬ì√∞¬ù¬ê¬é √∞¬ù¬ê¬ë√∞¬ù¬ê¬Ñ√∞¬ù¬ê¬é√∞¬ù¬ê¬è√∞¬ù¬ê¬Ñ√∞¬ù¬ê¬ç √∞¬ù¬ê¬Ä√∞¬ù¬ê¬ã√∞¬ù¬ê¬Ç√∞¬ù¬ê¬Ä√∞¬ù¬ê¬ì√∞¬ù¬ê¬ë√∞¬ù¬ê¬Ä√∞¬ù¬ê¬ô""Stephen Miller: ""There are people in this country, as President Trump has said, who will do nothing with their lives but rape, maim, and murder. They cannot be rehabilitated...We need a place in this country where we can send people to visually demonstrate their total separation from society ...""",8,0.736996337
74,19:31.5,"The airplane was on a perfect and routine line of approach to the airport. The helicopter was going straight at the airplane for an extended period of time. It is a CLEAR NIGHT, the lights on the plane were blazing, why didn‚Äôt the helicopter go up or down, or turn. Why didn‚Äôt the control tower tell the helicopter what to do instead of asking if they saw the plane. This is a bad situation that looks like it should have been prevented. NOT GOOD!!!","The airplane was on a perfect and routine line of approach to the airport. The helicopter was going straight at the airplane for an extended period of time. It is a CLEAR NIGHT, the lights on the plane were blazing, why didn‚Äôt the helicopter go up or down, or turn. Why didn‚Äôt the control tower tell the helicopter what to do instead of asking if they saw the plane. This is a bad situation that looks like it should have been prevented. NOT GOOD!!!",8,0.992246336
75,34:07.3,CRIME NUMBERS ARE WAY DOWN IN DC! AMAZING PROGRESS BEING MADE! Thank you for your attention to this matter. President DJT,CRIME NUMBERS ARE WAY DOWN IN DC! AMAZING PROGRESS BEING MADE! Thank you for your attention to this matter. President DJT,8,0.772238979
76,38:39.1,"Major League Baseball didn‚Äôt have the courage or decency to put the late, great, Pete Rose, also known as ‚ÄúCharlie Hustle,‚Äù into the Baseball Hall of fame. Now he is dead, will never experience the thrill of being selected, even though he was a FAR BETTER PLAYER than most of those who made it, and can only be named posthumously. WHAT A SHAME! Anyway, over the next few weeks I will be signing a complete PARDON of Pete Rose, who shouldn‚Äôt have been gambling on baseball, but only bet on HIS TEAM WINNING. He never betted against himself, or the other team. He had the most hits, by far, in baseball history, and won more games than anyone in sports history. Baseball, which is dying all over the place, should get off its fat, lazy ass, and elect Pete Rose, even though far too late, into the Baseball Hall of Fame!","Major League Baseball didn‚Äôt have the courage or decency to put the late, great, Pete Rose, also known as ‚ÄúCharlie Hustle,‚Äù into the Baseball Hall of fame. Now he is dead, will never experience the thrill of being selected, even though he was a FAR BETTER PLAYER than most of those who made it, and can only be named posthumously. WHAT A SHAME! Anyway, over the next few weeks I will be signing a complete PARDON of Pete Rose, who shouldn‚Äôt have been gambling on baseball, but only bet on HIS TEAM WINNING. He never betted against himself, or the other team. He had the most hits, by far, in baseball history, and won more games than anyone in sports history. Baseball, which is dying all over the place, should get off its fat, lazy ass, and elect Pete Rose, even though far too late, into the Baseball Hall of Fame!",8,0.595635148
77,04:18.6,"I had a very good meeting with distinguished guests, President Volodymyr Zelenskyy, of Ukraine, President Emmanuel Macron, of France, President Alexander Stubb, of Finland, Prime Minister Giorgia Meloni, of Italy, Prime Minister Keir Starmer, of the United Kingdom, Chancellor of the Federal Republic of Germany, Friedrich Merz, President of the European Commission, Ursula von der Leyen, and Secretary General of NATO, Mark Rutte, in the White House, which ended in a further meeting in the Oval Office. During the meeting we discussed Security Guarantees for Ukraine, which Guarantees would be provided by the various European Countries, with a coordination with the United States of America. Everyone is very happy about the possibility of PEACE for Russia/Ukraine. At the conclusion of the meetings, I called President Putin, and began the arrangements for a meeting, at a location to be determined, between President Putin and President Zelenskyy. After that meeting takes place, we will have a Trilat, which would be the two Presidents, plus myself. Again, this was a very good, early step for a War that has been going on for almost four years. Vice President JD Vance, Secretary of State Marco Rubio, and Special Envoy Steve Witkoff, are coordinating with Russia and Ukraine. Thank you for your attention to this matter!","I had a very good meeting with distinguished guests, President Volodymyr Zelenskyy, of Ukraine, President Emmanuel Macron, of France, President Alexander Stubb, of Finland, Prime Minister Giorgia Meloni, of Italy, Prime Minister Keir Starmer, of the United Kingdom, Chancellor of the Federal Republic of Germany, Friedrich Merz, President of the European Commission, Ursula von der Leyen, and Secretary General of NATO, Mark Rutte, in the White House, which ended in a further meeting in the Oval Office. During the meeting we discussed Security Guarantees for Ukraine, which Guarantees would be provided by the various European Countries, with a coordination with the United States of America. Everyone is very happy about the possibility of PEACE for Russia/Ukraine. At the conclusion of the meetings, I called President Putin, and began the arrangements for a meeting, at a location to be determined, between President Putin and President Zelenskyy. After that meeting takes place, we will have a Trilat, which would be the two Presidents, plus myself. Again, this was a very good, early step for a War that has been going on for almost four years. Vice President JD Vance, Secretary of State Marco Rubio, and Special Envoy Steve Witkoff, are coordinating with Russia and Ukraine. Thank you for your attention to this matter!",8,0.997599942
78,18:30.6,"Big news coming out of Africa, where I am also involved in settling violent wars and conflicts. I don't know why so many of these events have fallen to me and my Administration, but they have, and we have done an unprecedented job in getting them SETTLED or, putting them in position for PEACE. STAY TUNED!!!","Big news coming out of Africa, where I am also involved in settling violent wars and conflicts. I don't know why so many of these events have fallen to me and my Administration, but they have, and we have done an unprecedented job in getting them SETTLED or, putting them in position for PEACE. STAY TUNED!!!",8,0.557153375
79,15:27.5,"The GREAT B-2 pilots have just landed, safely, in Missouri. Thank you for a job well done!!! DONALD J. TRUMP, PRESIDENT OF THE UNITED STATES!","The GREAT B-2 pilots have just landed, safely, in Missouri. Thank you for a job well done!!! DONALD J. TRUMP, PRESIDENT OF THE UNITED STATES!",8,0.851929536
80,25:09.9,"United States Special Envoy, Steve Witkoff...","United States Special Envoy, Steve Witkoff...",8,0.955399233
81,06:14.8,"Congressman Ron Estes is a Tremendous Champion for Kansas' 4th Congressional District! A Fifth Generation Kansan, Ron served as State Treasurer for six years prior to becoming a very distinguished and respected U.S. Congressman. He is working tirelessly to Grow our Economy, Cut Taxes and Regulations, Promote MADE IN THE U.S.A., Champion American Energy DOMINANCE, Keep our Border SECURE, Stop Migrant Crime, Murderers, and other Criminals from illegally entering our Country, Strengthen our Great Military/Veterans, and Defend our always under siege Second Amendment. Ron Estes has my Complete and Total Endorsement for Re-Election  HE WILL NEVER LET YOU DOWN!","Congressman Ron Estes is a Tremendous Champion for Kansas' 4th Congressional District! A Fifth Generation Kansan, Ron served as State Treasurer for six years prior to becoming a very distinguished and respected U.S. Congressman. He is working tirelessly to Grow our Economy, Cut Taxes and Regulations, Promote MADE IN THE U.S.A., Champion American Energy DOMINANCE, Keep our Border SECURE, Stop Migrant Crime, Murderers, and other Criminals from illegally entering our Country, Strengthen our Great Military/Veterans, and Defend our always under siege Second Amendment. Ron Estes has my Complete and Total Endorsement for Re-Election  HE WILL NEVER LET YOU DOWN!",9,0.995689093
82,30:18.4,"I just finished speaking with the Governor Mike Braun, of the Great State of Indiana, which I won BIG in 2016, 2020, and 2024. We are approving $15.1 Million Dollars for severe flooding and tornados, which took place in the early Spring. I know the State, under the leadership of Mike Braun, will make a rapid recovery!","I just finished speaking with the Governor Mike Braun, of the Great State of Indiana, which I won BIG in 2016, 2020, and 2024. We are approving $15.1 Million Dollars for severe flooding and tornados, which took place in the early Spring. I know the State, under the leadership of Mike Braun, will make a rapid recovery!",9,0.731230553
83,01:49.9,"Congratulations to Governor Brad Little, and Idaho Legislators, who are fighting to bring School Choice to their beautiful State. $50 Million Dollars to empower parents to provide the very best Education for their child ‚Äì GREAT news for Idaho families. This Bill, which has my Complete and Total Support, MUST PASS!","Congratulations to Governor Brad Little, and Idaho Legislators, who are fighting to bring School Choice to their beautiful State. $50 Million Dollars to empower parents to provide the very best Education for their child ‚Äì GREAT news for Idaho families. This Bill, which has my Complete and Total Support, MUST PASS!",9,0.820677704
84,30:29.8,"It is my Great Honor to grant $11.7 Million Dollars to the beautiful State of West Virginia, for severe tornados and flooding that impacted their incredible people in June. I just finished speaking with their wonderful Governor, Patrick Morrisey, and look forward to seeing the State make a full recovery. I love West Virginia!","It is my Great Honor to grant $11.7 Million Dollars to the beautiful State of West Virginia, for severe tornados and flooding that impacted their incredible people in June. I just finished speaking with their wonderful Governor, Patrick Morrisey, and look forward to seeing the State make a full recovery. I love West Virginia!",9,0.660833179
85,27:16.7,"Senator Markwayne Mullin is doing a tremendous job representing the wonderful People of the Great State of Oklahoma, where I was the only person to win all 77 out of 77 Counties (Ronald Reagan was second with 56 Counties)  I did it in 2016, 2020, and 2024! A MAGA Warrior, and former undefeated professional MMA fighter, Markwayne brings that same Fighting Spirit to the U.S. Senate, where he works tirelessly to Advance our America First Agenda. As the only actual Native American in the Senate (now that Elizabeth ""Pocahontas""Warren has been determined not to be one!), Markwayne is a fantastic advocate for our Incredible Tribal Communities. Additionally, Markwayne is relentlessly focused on helping us Grow the Economy, Champion American Energy DOMINANCE, Support our Amazing Farmers and Ranchers, Help Secure our now VERY Secure Southern Border, Stop Migrant Crime, Murderers, and other Criminals from illegally entering our Country, Strengthen our Military/Veterans, and Defend our always under siege Second Amendment, which has not been attacked, amended, or changed while I was President. Oklahoma, Markwayne Mullin has my Complete and Total Endorsement for Re-Election √¢¬Ä¬ì HE WILL NEVER LET YOU DOWN!","Senator Markwayne Mullin is doing a tremendous job representing the wonderful People of the Great State of Oklahoma, where I was the only person to win all 77 out of 77 Counties (Ronald Reagan was second with 56 Counties)  I did it in 2016, 2020, and 2024! A MAGA Warrior, and former undefeated professional MMA fighter, Markwayne brings that same Fighting Spirit to the U.S. Senate, where he works tirelessly to Advance our America First Agenda. As the only actual Native American in the Senate (now that Elizabeth ""Pocahontas""Warren has been determined not to be one!), Markwayne is a fantastic advocate for our Incredible Tribal Communities. Additionally, Markwayne is relentlessly focused on helping us Grow the Economy, Champion American Energy DOMINANCE, Support our Amazing Farmers and Ranchers, Help Secure our now VERY Secure Southern Border, Stop Migrant Crime, Murderers, and other Criminals from illegally entering our Country, Strengthen our Military/Veterans, and Defend our always under siege Second Amendment, which has not been attacked, amended, or changed while I was President. Oklahoma, Markwayne Mullin has my Complete and Total Endorsement for Re-Election √¢¬Ä¬ì HE WILL NEVER LET YOU DOWN!",9,0.997326465
86,33:07.3,"Senator Bill Hagerty is doing a fantastic job representing the Great People of Tennessee! I have known Bill for a long time, as both a Highly Successful Businessman, and outstanding Ambassador to Japan. He has been with us from the very beginning, helping us, MAKE AMERICA GREAT AGAIN. In the Senate, Bill is working hard to Revitalize our Economy, Lower Taxes, Secure the Border, Champion our Incredible Military/Vets, Restore American Energy DOMINANCE, Protect our always under siege Second Amendment, and Ensure PEACE THROUGH STRENGTH. Senator Bill Hagerty has my Complete and Total Endorsement for Re-Election √¢¬Ä¬ì HE WILL NEVER LET YOU DOWN!","Senator Bill Hagerty is doing a fantastic job representing the Great People of Tennessee! I have known Bill for a long time, as both a Highly Successful Businessman, and outstanding Ambassador to Japan. He has been with us from the very beginning, helping us, MAKE AMERICA GREAT AGAIN. In the Senate, Bill is working hard to Revitalize our Economy, Lower Taxes, Secure the Border, Champion our Incredible Military/Vets, Restore American Energy DOMINANCE, Protect our always under siege Second Amendment, and Ensure PEACE THROUGH STRENGTH. Senator Bill Hagerty has my Complete and Total Endorsement for Re-Election √¢¬Ä¬ì HE WILL NEVER LET YOU DOWN!",9,0.995331714
87,05:48.0,"Congressman Frank Lucas is an incredible Representative for the wonderful people of Oklahoma's 3rd Congressional District! A Fifth Generation Oklahoman, and lifelong Farmer and Rancher, Frank is a strong and effective Voice for American Agriculture, and our amazing Farmers and Ranchers. In Congress, he is fighting tirelessly to Cut Taxes and Regulations, Promote MADE IN THE U.S.A., Champion American Energy DOMINANCE by helping to keep the price of Gasoline, Oil, and all forms of Energy VERY LOW, Continue to Secure our now Secure Border, Strengthen our Military/Veterans, and Defend our always under siege Second Amendment. Frank Lucas has my Complete and Total Endorsement for Re-Election  HE WILL NEVER LET YOU DOWN!","Congressman Frank Lucas is an incredible Representative for the wonderful people of Oklahoma's 3rd Congressional District! A Fifth Generation Oklahoman, and lifelong Farmer and Rancher, Frank is a strong and effective Voice for American Agriculture, and our amazing Farmers and Ranchers. In Congress, he is fighting tirelessly to Cut Taxes and Regulations, Promote MADE IN THE U.S.A., Champion American Energy DOMINANCE by helping to keep the price of Gasoline, Oil, and all forms of Energy VERY LOW, Continue to Secure our now Secure Border, Strengthen our Military/Veterans, and Defend our always under siege Second Amendment. Frank Lucas has my Complete and Total Endorsement for Re-Election  HE WILL NEVER LET YOU DOWN!",9,0.995878409
88,16:12.5,"Jon Husted is doing an incredible job as Senator for the Great State of Ohio! He served as your Lieutenant Governor for seven years prior to becoming a very distinguished and well respected Senator. Jon is a wonderful man, has ALWAYS delivered for Ohio, and will continue doing so in the U.S. Senate. He is working hard to Create Jobs, Lower Costs, Promote Products and Services MADE IN AMERICA by our incredible Ohio Workers, Support our Great Farmers, Champion Innovation, Secure our Border, Stop Criminals, Strengthen our Military/Veterans, and Strongly Protect our always under siege Second Amendment. We are delivering BIG WINS for America. One of the leaders I know I can count on is Ohio's Senator Jon Husted. He will fight to advance Common Sense Values, and put AMERICA FIRST. Jon Husted has my Complete and Total Endorsement   HE WILL NOT LET YOU DOWN!","Jon Husted is doing an incredible job as Senator for the Great State of Ohio! He served as your Lieutenant Governor for seven years prior to becoming a very distinguished and well respected Senator. Jon is a wonderful man, has ALWAYS delivered for Ohio, and will continue doing so in the U.S. Senate. He is working hard to Create Jobs, Lower Costs, Promote Products and Services MADE IN AMERICA by our incredible Ohio Workers, Support our Great Farmers, Champion Innovation, Secure our Border, Stop Criminals, Strengthen our Military/Veterans, and Strongly Protect our always under siege Second Amendment. We are delivering BIG WINS for America. One of the leaders I know I can count on is Ohio's Senator Jon Husted. He will fight to advance Common Sense Values, and put AMERICA FIRST. Jon Husted has my Complete and Total Endorsement   HE WILL NOT LET YOU DOWN!",9,0.919603039
89,49:03.2,"Senator Cynthia Lummis is an America First Warrior for the Wonderful People of Wyoming! As the Chair of the Senate Banking Subcommittee on Digital Assets, Cynthia is working closely with me to make America the Crypto Capital of the World. Cynthia is fighting tirelessly to Grow the Economy, Cut Taxes and Regulations, Secure our Border, Defend our always under siege Second Amendment, Strengthen our Incredible Military/Vets, and Put our Great Farmers, Ranchers, and Energy Producers FIRST. Senator Cynthia Lummis has my Complete and Total Endorsement for Re-Election √¢¬Ä¬ì SHE WILL NEVER LET YOU DOWN!","Senator Cynthia Lummis is an America First Warrior for the Wonderful People of Wyoming! As the Chair of the Senate Banking Subcommittee on Digital Assets, Cynthia is working closely with me to make America the Crypto Capital of the World. Cynthia is fighting tirelessly to Grow the Economy, Cut Taxes and Regulations, Secure our Border, Defend our always under siege Second Amendment, Strengthen our Incredible Military/Vets, and Put our Great Farmers, Ranchers, and Energy Producers FIRST. Senator Cynthia Lummis has my Complete and Total Endorsement for Re-Election √¢¬Ä¬ì SHE WILL NEVER LET YOU DOWN!",9,0.995253008
90,41:11.8,"Congressman John Joyce is a fantastic Champion for Pennsylvania's 13th Congressional District! An Original Member of my Pennsylvania Federal Leadership Team, John is fighting hard in Congress to Secure the Border, Unleash American Energy, Support our Military/Veterans, Defend our always under siege Second Amendment, and Restore PEACE THROUGH STRENGTH. John Joyce has my Complete and Total Endorsement for Re-Election √¢¬Ä¬ì HE WILL NEVER LET YOU DOWN!","Congressman John Joyce is a fantastic Champion for Pennsylvania's 13th Congressional District! An Original Member of my Pennsylvania Federal Leadership Team, John is fighting hard in Congress to Secure the Border, Unleash American Energy, Support our Military/Veterans, Defend our always under siege Second Amendment, and Restore PEACE THROUGH STRENGTH. John Joyce has my Complete and Total Endorsement for Re-Election √¢¬Ä¬ì HE WILL NEVER LET YOU DOWN!",9,0.99364614
91,13:21.6,"Chief of U.S. Border Patrol, Michael Banks: ""We are breaking record numbers in the right direction now....""""CBP'S 0 RELEASES IN MAY DOWN FROM 62,000 UNDER BIDEN""","Chief of U.S. Border Patrol, Michael Banks: ""We are breaking record numbers in the right direction now....""""CBP'S 0 RELEASES IN MAY DOWN FROM 62,000 UNDER BIDEN""",10,0.4366205
92,06:25.1,ILLEGAL BORDER CROSSINGS LAST MONTH WERE THE LOWEST EVER RECORDED. THANK YOU!!!,ILLEGAL BORDER CROSSINGS LAST MONTH WERE THE LOWEST EVER RECORDED. THANK YOU!!!,10,0.969766738
93,26:54.3,"Sleepy Joe Biden, THE WORST PRESIDENT IN THE HISTORY OF THE UNITED STATES, has allowed millions and millions of Criminals, many of them murderers, drug dealers, and people released from prisons and mental institutions from all around the world, to enter our Country through it's very dangerous and ill conceived Open Border. Sorry, but it's my job to get these killers and thugs out of here. THAT'S WHAT I GOT ELECTED TO DO. MAGA!","Sleepy Joe Biden, THE WORST PRESIDENT IN THE HISTORY OF THE UNITED STATES, has allowed millions and millions of Criminals, many of them murderers, drug dealers, and people released from prisons and mental institutions from all around the world, to enter our Country through it's very dangerous and ill conceived Open Border. Sorry, but it's my job to get these killers and thugs out of here. THAT'S WHAT I GOT ELECTED TO DO. MAGA!",10,0.747652428
94,11:57.2,We cannot have open migration from any country where we cannot safely and reliably vet and screen....,We cannot have open migration from any country where we cannot safely and reliably vet and screen....,10,0.961498198
95,41:51.4,"I told Canada, which very much wants to be part of our fabulous Golden Dome System, that it will cost $61 Billion Dollars if they remain a separate, but unequal, Nation, but will cost ZERO DOLLARS if they become our cherished 51st State. They are considering the offer!","I told Canada, which very much wants to be part of our fabulous Golden Dome System, that it will cost $61 Billion Dollars if they remain a separate, but unequal, Nation, but will cost ZERO DOLLARS if they become our cherished 51st State. They are considering the offer!",10,0.668759747
96,31:40.3,"Exciting news! Due to my Executive Order, which I proudly signed yesterday, the NCAA has officially changed their policy of allowing men in Women‚Äôs Sports ‚Äì IT IS NOW BANNED! This is a great day for women and girls across our Country. Men should have NEVER been allowed to compete against women in the first place, but I am proud to be the President to SAVE Women‚Äôs Sports. We expect the Olympics Committee to also use Common Sense, and implement this policy, which is very popular among the American People, and the entire World!","Exciting news! Due to my Executive Order, which I proudly signed yesterday, the NCAA has officially changed their policy of allowing men in Women‚Äôs Sports ‚Äì IT IS NOW BANNED! This is a great day for women and girls across our Country. Men should have NEVER been allowed to compete against women in the first place, but I am proud to be the President to SAVE Women‚Äôs Sports. We expect the Olympics Committee to also use Common Sense, and implement this policy, which is very popular among the American People, and the entire World!",10,0.802850298
97,37:42.7,"""Egg prices have definitely turned a corner...with large egg prices, on average, down 59% since February 28th.""","""Egg prices have definitely turned a corner...with large egg prices, on average, down 59% since February 28th.""",10,0.977133014
98,45:39.1,"FOR REPUBLICANS, THIS SHOULD BE AN EASY YES VOTE. RIDICULOUS!!!","FOR REPUBLICANS, THIS SHOULD BE AN EASY YES VOTE. RIDICULOUS!!!",10,0.947004334
99,58:31.8,"AMERICA IS HOT! SIX MONTHS AGO IT WAS COLD AS ICE! BORDER IS CLOSED, PRICES ARE DOWN. WAGES ARE UP!","AMERICA IS HOT! SIX MONTHS AGO IT WAS COLD AS ICE! BORDER IS CLOSED, PRICES ARE DOWN. WAGES ARE UP!",10,0.975111684
100,19:59.5,THE DEMOCRATS ARE IN TOTAL DISARRAY!,THE DEMOCRATS ARE IN TOTAL DISARRAY!,10,0.915010252